
serrr.label = Inscription sur les listes électorales (CERFA)
serrr.description = Demande d'inscription sur les listes électorales (CERFA)

serrr.property.nomJeuneFille.label = Nom de jeune fille 

serrr.property.sexe.label = Sexe 
 serrr.property.sexe.feminin = Féminin
 serrr.property.sexe.masculin = Masculin

serrr.property.dateNaissance.label = Date de naissance 

serrr.property.lieuNaissance.label = Lieu de naissance 

serrr.property.villeNaissanceCodePostal.label = Ville 

serrr.property.lieuNaissanceDepartement.label = Département 
 serrr.property.lieuNaissanceDepartement.dEP_10 = Aube
 serrr.property.lieuNaissanceDepartement.dEP_95 = Val-d'Oise
 serrr.property.lieuNaissanceDepartement.dEP_91 = Essonne
 serrr.property.lieuNaissanceDepartement.dEP_92 = Hauts-de-Seine
 serrr.property.lieuNaissanceDepartement.dEP_93 = Seine-Saint-Denis
 serrr.property.lieuNaissanceDepartement.dEP_19 = Corrèze
 serrr.property.lieuNaissanceDepartement.dEP_94 = Val-de-Marne
 serrr.property.lieuNaissanceDepartement.dEP_18 = Cher
 serrr.property.lieuNaissanceDepartement.dEP_17 = Charente-Maritime
 serrr.property.lieuNaissanceDepartement.dEP_16 = Charente
 serrr.property.lieuNaissanceDepartement.dEP_15 = Cantal
 serrr.property.lieuNaissanceDepartement.dEP_90 = Territoire de Belfort
 serrr.property.lieuNaissanceDepartement.dEP_14 = Calvados
 serrr.property.lieuNaissanceDepartement.dEP_13 = Bouches-du-Rhône
 serrr.property.lieuNaissanceDepartement.dEP_12 = Aveyron
 serrr.property.lieuNaissanceDepartement.dEP_11 = Aude
 serrr.property.lieuNaissanceDepartement.dEP_974 = Réunion
 serrr.property.lieuNaissanceDepartement.dEP_973 = Guyane
 serrr.property.lieuNaissanceDepartement.dEP_972 = Martinique
 serrr.property.lieuNaissanceDepartement.dEP_971 = Guadeloupe
 serrr.property.lieuNaissanceDepartement.dEP_89 = Yonne
 serrr.property.lieuNaissanceDepartement.dEP_88 = Vosges
 serrr.property.lieuNaissanceDepartement.dEP_86 = Vienne
 serrr.property.lieuNaissanceDepartement.dEP_87 = Haute-Vienne
 serrr.property.lieuNaissanceDepartement.dEP_84 = Vaucluse
 serrr.property.lieuNaissanceDepartement.dEP_85 = Vendée
 serrr.property.lieuNaissanceDepartement.dEP_09 = Ariège
 serrr.property.lieuNaissanceDepartement.dEP_82 = Tarn-et-Garonne
 serrr.property.lieuNaissanceDepartement.dEP_08 = Ardennes
 serrr.property.lieuNaissanceDepartement.dEP_83 = Var
 serrr.property.lieuNaissanceDepartement.dEP_80 = Somme
 serrr.property.lieuNaissanceDepartement.dEP_81 = Tarn
 serrr.property.lieuNaissanceDepartement.dEP_05 = Hautes-Alpes
 serrr.property.lieuNaissanceDepartement.dEP_04 = Alpes-de-Haute-Provence
 serrr.property.lieuNaissanceDepartement.dEP_07 = Ardèche
 serrr.property.lieuNaissanceDepartement.dEP_06 = Alpes-Maritimes
 serrr.property.lieuNaissanceDepartement.dEP_01 = Ain
 serrr.property.lieuNaissanceDepartement.dEP_03 = Allier
 serrr.property.lieuNaissanceDepartement.dEP_02 = Aisne
 serrr.property.lieuNaissanceDepartement.dEP_78 = Yvelines
 serrr.property.lieuNaissanceDepartement.dEP_77 = Seine-et-Marne
 serrr.property.lieuNaissanceDepartement.dEP_79 = Deux-Sèvres
 serrr.property.lieuNaissanceDepartement.dEP_70 = Haute-Saône
 serrr.property.lieuNaissanceDepartement.dEP_71 = Saône-et-Loire
 serrr.property.lieuNaissanceDepartement.dEP_72 = Sarthe
 serrr.property.lieuNaissanceDepartement.dEP_73 = Savoie
 serrr.property.lieuNaissanceDepartement.dEP_74 = Haute-Savoie
 serrr.property.lieuNaissanceDepartement.dEP_75 = Paris
 serrr.property.lieuNaissanceDepartement.dEP_76 = Seine-Maritime
 serrr.property.lieuNaissanceDepartement.none = Aucun
 serrr.property.lieuNaissanceDepartement.dEP_69 = Rhône
 serrr.property.lieuNaissanceDepartement.dEP_68 = Haut-Rhin
 serrr.property.lieuNaissanceDepartement.dEP_67 = Bas-Rhin
 serrr.property.lieuNaissanceDepartement.dEP_66 = Pyrénées-Orientales
 serrr.property.lieuNaissanceDepartement.dEP_60 = Oise
 serrr.property.lieuNaissanceDepartement.dEP_61 = Orne
 serrr.property.lieuNaissanceDepartement.dEP_64 = Pyrénes-Atlantiques
 serrr.property.lieuNaissanceDepartement.dEP_65 = Hautes-Pyrénées
 serrr.property.lieuNaissanceDepartement.dEP_62 = Pas-de-Calais
 serrr.property.lieuNaissanceDepartement.dEP_63 = Puy-de-Dôme
 serrr.property.lieuNaissanceDepartement.dEP_54 = Meurthe-et-Moselle
 serrr.property.lieuNaissanceDepartement.dEP_53 = Mayenne
 serrr.property.lieuNaissanceDepartement.dEP_52 = Haute-Marne
 serrr.property.lieuNaissanceDepartement.dEP_51 = Marne
 serrr.property.lieuNaissanceDepartement.dEP_50 = Manche
 serrr.property.lieuNaissanceDepartement.dEP_59 = Nord
 serrr.property.lieuNaissanceDepartement.dEP_57 = Moselle
 serrr.property.lieuNaissanceDepartement.dEP_58 = Nièvre
 serrr.property.lieuNaissanceDepartement.dEP_55 = Meuse
 serrr.property.lieuNaissanceDepartement.dEP_56 = Morbihan
 serrr.property.lieuNaissanceDepartement.dEP_41 = Loir-et-Cher
 serrr.property.lieuNaissanceDepartement.dEP_40 = Landes
 serrr.property.lieuNaissanceDepartement.dEP_43 = Haute-Loire
 serrr.property.lieuNaissanceDepartement.dEP_42 = Loire
 serrr.property.lieuNaissanceDepartement.dEP_48 = Lozère
 serrr.property.lieuNaissanceDepartement.dEP_49 = Maine-et-Loire
 serrr.property.lieuNaissanceDepartement.dEP_44 = Loire-Atlantique
 serrr.property.lieuNaissanceDepartement.dEP_45 = Loiret
 serrr.property.lieuNaissanceDepartement.dEP_46 = Lot
 serrr.property.lieuNaissanceDepartement.dEP_47 = Lot-et-Garonne
 serrr.property.lieuNaissanceDepartement.dEP_2B = Haute-Corse
 serrr.property.lieuNaissanceDepartement.dEP_32 = Gers
 serrr.property.lieuNaissanceDepartement.dEP_31 = Haute-Garonne
 serrr.property.lieuNaissanceDepartement.dEP_30 = Gard
 serrr.property.lieuNaissanceDepartement.dEP_35 = Ille-et-Vilaine
 serrr.property.lieuNaissanceDepartement.dEP_36 = Indre
 serrr.property.lieuNaissanceDepartement.dEP_33 = Gironde
 serrr.property.lieuNaissanceDepartement.dEP_34 = Hérault
 serrr.property.lieuNaissanceDepartement.dEP_39 = Jura
 serrr.property.lieuNaissanceDepartement.dEP_37 = Indre-et-Loire
 serrr.property.lieuNaissanceDepartement.dEP_38 = Isère
 serrr.property.lieuNaissanceDepartement.dEP_21 = Côte-d'Or
 serrr.property.lieuNaissanceDepartement.dEP_22 = Côtes-d'Armor
 serrr.property.lieuNaissanceDepartement.dEP_23 = Creuse
 serrr.property.lieuNaissanceDepartement.dEP_24 = Dordogne
 serrr.property.lieuNaissanceDepartement.dEP_25 = Doubs
 serrr.property.lieuNaissanceDepartement.dEP_26 = Drôme
 serrr.property.lieuNaissanceDepartement.dEP_27 = Eure
 serrr.property.lieuNaissanceDepartement.dEP_28 = Eure-et-Loir
 serrr.property.lieuNaissanceDepartement.dEP_29 = Finistère
 serrr.property.lieuNaissanceDepartement.dEP_2A = Corse-du-Sud

serrr.property.lieuNaissancePays.label = Pays 
 serrr.property.lieuNaissancePays.unknown = Inconnu
 serrr.property.lieuNaissancePays.gd = Grenade (GD)
 serrr.property.lieuNaissancePays.ge = Géorgie (GE)
 serrr.property.lieuNaissancePays.gf = Guyane française (GF)
 serrr.property.lieuNaissancePays.ga = Gabon (GA)
 serrr.property.lieuNaissancePays.gb = Royaume-Uni (GB)
 serrr.property.lieuNaissancePays.fj = Iles Fidji (FJ)
 serrr.property.lieuNaissancePays.fm = Micronésie (FM)
 serrr.property.lieuNaissancePays.fi = Finlande (FI)
 serrr.property.lieuNaissancePays.fr = France (FR)
 serrr.property.lieuNaissancePays.gy = Guyana (GY)
 serrr.property.lieuNaissancePays.gw = Guinée-Bissao (GW)
 serrr.property.lieuNaissancePays.ws = Samoa (WS)
 serrr.property.lieuNaissancePays.gn = Guinée (GN)
 serrr.property.lieuNaissancePays.gm = Gambie (GM)
 serrr.property.lieuNaissancePays.gl = Groenland (GL)
 serrr.property.lieuNaissancePays.gi = Gibraltar (GI)
 serrr.property.lieuNaissancePays.gh = Ghana (GH)
 serrr.property.lieuNaissancePays.gu = Guam (GU)
 serrr.property.lieuNaissancePays.gt = Guatemala (GT)
 serrr.property.lieuNaissancePays.gr = Grèce (GR)
 serrr.property.lieuNaissancePays.gq = Guinée équatoriale (GQ)
 serrr.property.lieuNaissancePays.gp = Guadeloupe (GP)
 serrr.property.lieuNaissancePays.dz = Algérie(DZ)
 serrr.property.lieuNaissancePays.vt = Trinité-et-Tobago (VT)
 serrr.property.lieuNaissancePays.vu = Vanuatu (VU)
 serrr.property.lieuNaissancePays.vn = Viêt Nam (VN)
 serrr.property.lieuNaissancePays.ec = Équateur (EC)
 serrr.property.lieuNaissancePays.de = Allemagne (DE)
 serrr.property.lieuNaissancePays.uz = Ouzbékistan (UZ)
 serrr.property.lieuNaissancePays.uy = Uruguay (UY)
 serrr.property.lieuNaissancePays.dk = Danemark (DK)
 serrr.property.lieuNaissancePays.dj = Djibouti (DJ)
 serrr.property.lieuNaissancePays.ve = Venezuela (VE)
 serrr.property.lieuNaissancePays.dm = Dominique (DM)
 serrr.property.lieuNaissancePays.do = République dominicaine (DO)
 serrr.property.lieuNaissancePays.vc = Saint-Vincent-et-les-Grenadines (VC)
 serrr.property.lieuNaissancePays.va = Saint-Siège (VA)
 serrr.property.lieuNaissancePays.ug = Ouganda (UG)
 serrr.property.lieuNaissancePays.us = États-Unis (US)
 serrr.property.lieuNaissancePays.eg = Égypte (EG)
 serrr.property.lieuNaissancePays.ee = Estonie (EE)
 serrr.property.lieuNaissancePays.tz = Tanzanie (TZ)
 serrr.property.lieuNaissancePays.tw = Taïwan (TW)
 serrr.property.lieuNaissancePays.tv = Tuvalu (TV)
 serrr.property.lieuNaissancePays.ua = Ukraine (UA)
 serrr.property.lieuNaissancePays.et = Éthiopie (ET)
 serrr.property.lieuNaissancePays.es = Espagne (ES)
 serrr.property.lieuNaissancePays.er = Érythrée (ER)
 serrr.property.lieuNaissancePays.to = Tonga (TO)
 serrr.property.lieuNaissancePays.tn = Tunisie (TN)
 serrr.property.lieuNaissancePays.tm = Turkménistan (TM)
 serrr.property.lieuNaissancePays.ca = Canada (CA)
 serrr.property.lieuNaissancePays.tl = Timor Oriental (TL)
 serrr.property.lieuNaissancePays.tr = Turquie (TR)
 serrr.property.lieuNaissancePays.bz = Belize (BZ)
 serrr.property.lieuNaissancePays.bw = Botswana (BW)
 serrr.property.lieuNaissancePays.tg = Togo (TG)
 serrr.property.lieuNaissancePays.by = Biélorussie (BY)
 serrr.property.lieuNaissancePays.td = Tchad (TD)
 serrr.property.lieuNaissancePays.bs = Bahamas (BS)
 serrr.property.lieuNaissancePays.br = Brésil (BR)
 serrr.property.lieuNaissancePays.tj = Tadjikistan (TJ)
 serrr.property.lieuNaissancePays.bt = Bhoutan (BT)
 serrr.property.lieuNaissancePays.th = Thaïlande (TH)
 serrr.property.lieuNaissancePays.bn = Brunei (BN)
 serrr.property.lieuNaissancePays.bo = Bolivie (BO)
 serrr.property.lieuNaissancePays.bj = Bénin (BJ)
 serrr.property.lieuNaissancePays.bm = Bermudes (BM)
 serrr.property.lieuNaissancePays.bf = Burkina Faso (BF)
 serrr.property.lieuNaissancePays.bg = Bulgarie (BG)
 serrr.property.lieuNaissancePays.sv = Salvador (SV)
 serrr.property.lieuNaissancePays.bh = Bahreïn (BH)
 serrr.property.lieuNaissancePays.bi = Burundi (BI)
 serrr.property.lieuNaissancePays.st = Sao Tomé-et-Principe (ST)
 serrr.property.lieuNaissancePays.bb = Barbade (BB)
 serrr.property.lieuNaissancePays.sy = Syrie (SY)
 serrr.property.lieuNaissancePays.sz = Swaziland (SZ)
 serrr.property.lieuNaissancePays.bd = Bangladesh (BD)
 serrr.property.lieuNaissancePays.be = Belgique (BE)
 serrr.property.lieuNaissancePays.sl = Sierra Leone (SL)
 serrr.property.lieuNaissancePays.sk = Slovaquie (SK)
 serrr.property.lieuNaissancePays.sn = Sénégal (SN)
 serrr.property.lieuNaissancePays.sm = Saint-Marin (SM)
 serrr.property.lieuNaissancePays.so = Somalie (SO)
 serrr.property.lieuNaissancePays.sr = Suriname (SR)
 serrr.property.lieuNaissancePays.cz = République tchèque (CZ)
 serrr.property.lieuNaissancePays.sd = Soudan (SD)
 serrr.property.lieuNaissancePays.cy = Chypre (CY)
 serrr.property.lieuNaissancePays.sc = Seychelles (SC)
 serrr.property.lieuNaissancePays.se = Suède (SE)
 serrr.property.lieuNaissancePays.cv = Cap-Vert (CV)
 serrr.property.lieuNaissancePays.cu = Cuba (CU)
 serrr.property.lieuNaissancePays.sg = Singapour (SG)
 serrr.property.lieuNaissancePays.si = Slovénie (SI)
 serrr.property.lieuNaissancePays.cr = Costa Rica (CR)
 serrr.property.lieuNaissancePays.co = Colombie (CO)
 serrr.property.lieuNaissancePays.cm = Cameroun (CM)
 serrr.property.lieuNaissancePays.cn = Chine (CN)
 serrr.property.lieuNaissancePays.ck = Iles Cook (CK)
 serrr.property.lieuNaissancePays.sa = Arabie saoudite (SA)
 serrr.property.lieuNaissancePays.sb = Iles Salomon (SB)
 serrr.property.lieuNaissancePays.cl = Chili (CL)
 serrr.property.lieuNaissancePays.ci = Côte d'Ivoire (CI)
 serrr.property.lieuNaissancePays.cg = Congo (CG)
 serrr.property.lieuNaissancePays.ru = Russie (RU)
 serrr.property.lieuNaissancePays.ch = Suisse (CH)
 serrr.property.lieuNaissancePays.cf = République centrafricaine (CF)
 serrr.property.lieuNaissancePays.rw = Rwanda (RW)
 serrr.property.lieuNaissancePays.cd = République démocratique du Congo (CD)
 serrr.property.lieuNaissancePays.ro = Roumanie (RO)
 serrr.property.lieuNaissancePays.az = Azerbaïdjan (AZ)
 serrr.property.lieuNaissancePays.ba = Bosnie-Herzégovine (BA)
 serrr.property.lieuNaissancePays.at = Autriche (AT)
 serrr.property.lieuNaissancePays.ar = Argentine (AR)
 serrr.property.lieuNaissancePays.aq = Antarctique (AQ)
 serrr.property.lieuNaissancePays.aw = Aruba (AW)
 serrr.property.lieuNaissancePays.qa = Qatar (QA)
 serrr.property.lieuNaissancePays.au = Australie (AU)
 serrr.property.lieuNaissancePays.al = Albanie (AL)
 serrr.property.lieuNaissancePays.ai = Anguilla (AI)
 serrr.property.lieuNaissancePays.ao = Angola (AO)
 serrr.property.lieuNaissancePays.py = Paraguay (PY)
 serrr.property.lieuNaissancePays.am = Arménie (AM)
 serrr.property.lieuNaissancePays.an = Antilles néerlandaises (AN)
 serrr.property.lieuNaissancePays.pt = Portugal (PT)
 serrr.property.lieuNaissancePays.ad = Andorre (AD)
 serrr.property.lieuNaissancePays.pw = Belau (PW)
 serrr.property.lieuNaissancePays.ag = Antigua-et-Barbuda (AG)
 serrr.property.lieuNaissancePays.ae = Émirats arabes unis (AE)
 serrr.property.lieuNaissancePays.af = Afghanistan (AF)
 serrr.property.lieuNaissancePays.nu = Nioué (NU)
 serrr.property.lieuNaissancePays.nr = Nauru (NR)
 serrr.property.lieuNaissancePays.np = Népal (NP)
 serrr.property.lieuNaissancePays.no = Norvège (NO)
 serrr.property.lieuNaissancePays.nz = Nouvelle-Zélande (NZ)
 serrr.property.lieuNaissancePays.om = Oman (OM)
 serrr.property.lieuNaissancePays.pe = Pérou (PE)
 serrr.property.lieuNaissancePays.pg = Papouasie-Nouvelle-Guinée (PG)
 serrr.property.lieuNaissancePays.pa = Panama (PA)
 serrr.property.lieuNaissancePays.pl = Pologne (PL)
 serrr.property.lieuNaissancePays.ph = Philippines (PH)
 serrr.property.lieuNaissancePays.pk = Pakistan (PK)
 serrr.property.lieuNaissancePays.ls = Lesotho (LS)
 serrr.property.lieuNaissancePays.lr = Liberia (LR)
 serrr.property.lieuNaissancePays.lv = Lettonie (LV)
 serrr.property.lieuNaissancePays.lu = Luxembourg (LU)
 serrr.property.lieuNaissancePays.lt = Lituanie (LT)
 serrr.property.lieuNaissancePays.ly = Libye (LY)
 serrr.property.lieuNaissancePays.mc = Monaco (MC)
 serrr.property.lieuNaissancePays.md = Moldavie (MD)
 serrr.property.lieuNaissancePays.ma = Maroc (MA)
 serrr.property.lieuNaissancePays.mg = Madagascar (MG)
 serrr.property.lieuNaissancePays.mh = Iles Marshall (MH)
 serrr.property.lieuNaissancePays.mk = ex-République yougoslave de Macédoine (MK)
 serrr.property.lieuNaissancePays.ml = Mali (ML)
 serrr.property.lieuNaissancePays.mn = Mongolie (MN)
 serrr.property.lieuNaissancePays.mm = Birmanie (MM)
 serrr.property.lieuNaissancePays.mr = Mauritanie (MR)
 serrr.property.lieuNaissancePays.mt = Malte (MT)
 serrr.property.lieuNaissancePays.mv = Maldives (MV)
 serrr.property.lieuNaissancePays.mu = Maurice (MU)
 serrr.property.lieuNaissancePays.mx = Mexique (MX)
 serrr.property.lieuNaissancePays.mw = Malawi (MW)
 serrr.property.lieuNaissancePays.mz = Mozambique (MZ)
 serrr.property.lieuNaissancePays.my = Malaisie (MY)
 serrr.property.lieuNaissancePays.na = Namibie (NA)
 serrr.property.lieuNaissancePays.ne = Niger (NE)
 serrr.property.lieuNaissancePays.ng = Nigeria (NG)
 serrr.property.lieuNaissancePays.ni = Nicaragua (NI)
 serrr.property.lieuNaissancePays.nl = Pays-Bas (NL)
 serrr.property.lieuNaissancePays.jp = Japon (JP)
 serrr.property.lieuNaissancePays.jo = Jordanie (JO)
 serrr.property.lieuNaissancePays.jm = Jamaïque (JM)
 serrr.property.lieuNaissancePays.ki = Kiribati (KI)
 serrr.property.lieuNaissancePays.kh = Cambodge (KH)
 serrr.property.lieuNaissancePays.kg = Kirghizistan (KG)
 serrr.property.lieuNaissancePays.ke = Kenya (KE)
 serrr.property.lieuNaissancePays.kw = Koweït (KW)
 serrr.property.lieuNaissancePays.kz = Kazakhstan (KZ)
 serrr.property.lieuNaissancePays.kp = Corée du Nord (KP)
 serrr.property.lieuNaissancePays.kr = Corée du Sud (KR)
 serrr.property.lieuNaissancePays.km = Comores (KM)
 serrr.property.lieuNaissancePays.kn = Saint-Christophe-et-Niévès (KN)
 serrr.property.lieuNaissancePays.li = Liechtenstein (LI)
 serrr.property.lieuNaissancePays.lk = Sri Lanka (LK)
 serrr.property.lieuNaissancePays.la = Laos (LA)
 serrr.property.lieuNaissancePays.lc = Sainte-Lucie (LC)
 serrr.property.lieuNaissancePays.lb = Liban (LB)
 serrr.property.lieuNaissancePays.hr = Croatie (HR)
 serrr.property.lieuNaissancePays.ht = Haïti (HT)
 serrr.property.lieuNaissancePays.hu = Hongrie (HU)
 serrr.property.lieuNaissancePays.hk = Hong Kong (HK)
 serrr.property.lieuNaissancePays.za = Afrique du Sud (ZA)
 serrr.property.lieuNaissancePays.hn = Honduras (HN)
 serrr.property.lieuNaissancePays.zw = Zimbabwe (ZW)
 serrr.property.lieuNaissancePays.id = Indonésie (ID)
 serrr.property.lieuNaissancePays.ie = Irlande (IE)
 serrr.property.lieuNaissancePays.zm = Zambie (ZM)
 serrr.property.lieuNaissancePays.iq = Iraq (IQ)
 serrr.property.lieuNaissancePays.ir = Iran (IR)
 serrr.property.lieuNaissancePays.ye = Yémen (YE)
 serrr.property.lieuNaissancePays.is = Islande (IS)
 serrr.property.lieuNaissancePays.it = Italie (IT)
 serrr.property.lieuNaissancePays.il = Israël (IL)
 serrr.property.lieuNaissancePays.in = Inde (IN)

serrr.property.nationalite.label = Nationalité 
 serrr.property.nationalite.ressortissantUE = Ressortissant de l'UE
 serrr.property.nationalite.francaise = Française

serrr.property.precisionNationalite.label = Précisez votre nationalité 
 serrr.property.precisionNationalite.ro = Roumain(e)
 serrr.property.precisionNationalite.hu = Hongrois(e)
 serrr.property.precisionNationalite.lv = Lettonien(ne)
 serrr.property.precisionNationalite.lu = Luxembourgeois(e)
 serrr.property.precisionNationalite.lt = Lituanien(ne)
 serrr.property.precisionNationalite.gb = Britannique
 serrr.property.precisionNationalite.de = Allemand(e)
 serrr.property.precisionNationalite.fi = Finlandais(e)
 serrr.property.precisionNationalite.dk = Danois(e)
 serrr.property.precisionNationalite.ie = Irlandais(e)
 serrr.property.precisionNationalite.bg = Bulgare
 serrr.property.precisionNationalite.be = Belge
 serrr.property.precisionNationalite.sk = Slovaque
 serrr.property.precisionNationalite.it = Italien(ne)
 serrr.property.precisionNationalite.mt = Maltais(e)
 serrr.property.precisionNationalite.cz = Tchèque
 serrr.property.precisionNationalite.at = Autrichien(ne)
 serrr.property.precisionNationalite.cy = Chypriote
 serrr.property.precisionNationalite.se = Suèdois(e)
 serrr.property.precisionNationalite.si = Slovénien(ne)
 serrr.property.precisionNationalite.ee = Estonien(ne)
 serrr.property.precisionNationalite.pl = Polonais(e)
 serrr.property.precisionNationalite.pt = Portugais(e)
 serrr.property.precisionNationalite.ad = Andorran(e)
 serrr.property.precisionNationalite.gr = Grec(que)
 serrr.property.precisionNationalite.es = Espagnol(e)
 serrr.property.precisionNationalite.nl = Néerlandais(e)

serrr.property.typeElection.label = Type d'élection 
 serrr.property.typeElection.electionEuropeenne = Elections européennes
 serrr.property.typeElection.electionMunicipale = Elections municipales

serrr.property.lieuDerniereInscription.label = Indiquez le lieu de votre dernière inscription sur une liste électorale d'un autre pays de l'Union Européenne 

serrr.property.paysPrecedent.label = Pays 
 serrr.property.paysPrecedent.unknown = Inconnu
 serrr.property.paysPrecedent.gd = Grenade (GD)
 serrr.property.paysPrecedent.ge = Géorgie (GE)
 serrr.property.paysPrecedent.gf = Guyane française (GF)
 serrr.property.paysPrecedent.ga = Gabon (GA)
 serrr.property.paysPrecedent.gb = Royaume-Uni (GB)
 serrr.property.paysPrecedent.fj = Iles Fidji (FJ)
 serrr.property.paysPrecedent.fm = Micronésie (FM)
 serrr.property.paysPrecedent.fi = Finlande (FI)
 serrr.property.paysPrecedent.fr = France (FR)
 serrr.property.paysPrecedent.gy = Guyana (GY)
 serrr.property.paysPrecedent.gw = Guinée-Bissao (GW)
 serrr.property.paysPrecedent.ws = Samoa (WS)
 serrr.property.paysPrecedent.gn = Guinée (GN)
 serrr.property.paysPrecedent.gm = Gambie (GM)
 serrr.property.paysPrecedent.gl = Groenland (GL)
 serrr.property.paysPrecedent.gi = Gibraltar (GI)
 serrr.property.paysPrecedent.gh = Ghana (GH)
 serrr.property.paysPrecedent.gu = Guam (GU)
 serrr.property.paysPrecedent.gt = Guatemala (GT)
 serrr.property.paysPrecedent.gr = Grèce (GR)
 serrr.property.paysPrecedent.gq = Guinée équatoriale (GQ)
 serrr.property.paysPrecedent.gp = Guadeloupe (GP)
 serrr.property.paysPrecedent.dz = Algérie(DZ)
 serrr.property.paysPrecedent.vt = Trinité-et-Tobago (VT)
 serrr.property.paysPrecedent.vu = Vanuatu (VU)
 serrr.property.paysPrecedent.vn = Viêt Nam (VN)
 serrr.property.paysPrecedent.ec = Équateur (EC)
 serrr.property.paysPrecedent.de = Allemagne (DE)
 serrr.property.paysPrecedent.uz = Ouzbékistan (UZ)
 serrr.property.paysPrecedent.uy = Uruguay (UY)
 serrr.property.paysPrecedent.dk = Danemark (DK)
 serrr.property.paysPrecedent.dj = Djibouti (DJ)
 serrr.property.paysPrecedent.ve = Venezuela (VE)
 serrr.property.paysPrecedent.dm = Dominique (DM)
 serrr.property.paysPrecedent.do = République dominicaine (DO)
 serrr.property.paysPrecedent.vc = Saint-Vincent-et-les-Grenadines (VC)
 serrr.property.paysPrecedent.va = Saint-Siège (VA)
 serrr.property.paysPrecedent.ug = Ouganda (UG)
 serrr.property.paysPrecedent.us = États-Unis (US)
 serrr.property.paysPrecedent.eg = Égypte (EG)
 serrr.property.paysPrecedent.ee = Estonie (EE)
 serrr.property.paysPrecedent.tz = Tanzanie (TZ)
 serrr.property.paysPrecedent.tw = Taïwan (TW)
 serrr.property.paysPrecedent.tv = Tuvalu (TV)
 serrr.property.paysPrecedent.ua = Ukraine (UA)
 serrr.property.paysPrecedent.et = Éthiopie (ET)
 serrr.property.paysPrecedent.es = Espagne (ES)
 serrr.property.paysPrecedent.er = Érythrée (ER)
 serrr.property.paysPrecedent.to = Tonga (TO)
 serrr.property.paysPrecedent.tn = Tunisie (TN)
 serrr.property.paysPrecedent.tm = Turkménistan (TM)
 serrr.property.paysPrecedent.ca = Canada (CA)
 serrr.property.paysPrecedent.tl = Timor Oriental (TL)
 serrr.property.paysPrecedent.tr = Turquie (TR)
 serrr.property.paysPrecedent.bz = Belize (BZ)
 serrr.property.paysPrecedent.bw = Botswana (BW)
 serrr.property.paysPrecedent.tg = Togo (TG)
 serrr.property.paysPrecedent.by = Biélorussie (BY)
 serrr.property.paysPrecedent.td = Tchad (TD)
 serrr.property.paysPrecedent.bs = Bahamas (BS)
 serrr.property.paysPrecedent.br = Brésil (BR)
 serrr.property.paysPrecedent.tj = Tadjikistan (TJ)
 serrr.property.paysPrecedent.bt = Bhoutan (BT)
 serrr.property.paysPrecedent.th = Thaïlande (TH)
 serrr.property.paysPrecedent.bn = Brunei (BN)
 serrr.property.paysPrecedent.bo = Bolivie (BO)
 serrr.property.paysPrecedent.bj = Bénin (BJ)
 serrr.property.paysPrecedent.bm = Bermudes (BM)
 serrr.property.paysPrecedent.bf = Burkina Faso (BF)
 serrr.property.paysPrecedent.bg = Bulgarie (BG)
 serrr.property.paysPrecedent.sv = Salvador (SV)
 serrr.property.paysPrecedent.bh = Bahreïn (BH)
 serrr.property.paysPrecedent.bi = Burundi (BI)
 serrr.property.paysPrecedent.st = Sao Tomé-et-Principe (ST)
 serrr.property.paysPrecedent.bb = Barbade (BB)
 serrr.property.paysPrecedent.sy = Syrie (SY)
 serrr.property.paysPrecedent.sz = Swaziland (SZ)
 serrr.property.paysPrecedent.bd = Bangladesh (BD)
 serrr.property.paysPrecedent.be = Belgique (BE)
 serrr.property.paysPrecedent.sl = Sierra Leone (SL)
 serrr.property.paysPrecedent.sk = Slovaquie (SK)
 serrr.property.paysPrecedent.sn = Sénégal (SN)
 serrr.property.paysPrecedent.sm = Saint-Marin (SM)
 serrr.property.paysPrecedent.so = Somalie (SO)
 serrr.property.paysPrecedent.sr = Suriname (SR)
 serrr.property.paysPrecedent.cz = République tchèque (CZ)
 serrr.property.paysPrecedent.sd = Soudan (SD)
 serrr.property.paysPrecedent.cy = Chypre (CY)
 serrr.property.paysPrecedent.sc = Seychelles (SC)
 serrr.property.paysPrecedent.se = Suède (SE)
 serrr.property.paysPrecedent.cv = Cap-Vert (CV)
 serrr.property.paysPrecedent.cu = Cuba (CU)
 serrr.property.paysPrecedent.sg = Singapour (SG)
 serrr.property.paysPrecedent.si = Slovénie (SI)
 serrr.property.paysPrecedent.cr = Costa Rica (CR)
 serrr.property.paysPrecedent.co = Colombie (CO)
 serrr.property.paysPrecedent.cm = Cameroun (CM)
 serrr.property.paysPrecedent.cn = Chine (CN)
 serrr.property.paysPrecedent.ck = Iles Cook (CK)
 serrr.property.paysPrecedent.sa = Arabie saoudite (SA)
 serrr.property.paysPrecedent.sb = Iles Salomon (SB)
 serrr.property.paysPrecedent.cl = Chili (CL)
 serrr.property.paysPrecedent.ci = Côte d'Ivoire (CI)
 serrr.property.paysPrecedent.cg = Congo (CG)
 serrr.property.paysPrecedent.ru = Russie (RU)
 serrr.property.paysPrecedent.ch = Suisse (CH)
 serrr.property.paysPrecedent.cf = République centrafricaine (CF)
 serrr.property.paysPrecedent.rw = Rwanda (RW)
 serrr.property.paysPrecedent.cd = République démocratique du Congo (CD)
 serrr.property.paysPrecedent.ro = Roumanie (RO)
 serrr.property.paysPrecedent.az = Azerbaïdjan (AZ)
 serrr.property.paysPrecedent.ba = Bosnie-Herzégovine (BA)
 serrr.property.paysPrecedent.at = Autriche (AT)
 serrr.property.paysPrecedent.ar = Argentine (AR)
 serrr.property.paysPrecedent.aq = Antarctique (AQ)
 serrr.property.paysPrecedent.aw = Aruba (AW)
 serrr.property.paysPrecedent.qa = Qatar (QA)
 serrr.property.paysPrecedent.au = Australie (AU)
 serrr.property.paysPrecedent.al = Albanie (AL)
 serrr.property.paysPrecedent.ai = Anguilla (AI)
 serrr.property.paysPrecedent.ao = Angola (AO)
 serrr.property.paysPrecedent.py = Paraguay (PY)
 serrr.property.paysPrecedent.am = Arménie (AM)
 serrr.property.paysPrecedent.an = Antilles néerlandaises (AN)
 serrr.property.paysPrecedent.pt = Portugal (PT)
 serrr.property.paysPrecedent.ad = Andorre (AD)
 serrr.property.paysPrecedent.pw = Belau (PW)
 serrr.property.paysPrecedent.ag = Antigua-et-Barbuda (AG)
 serrr.property.paysPrecedent.ae = Émirats arabes unis (AE)
 serrr.property.paysPrecedent.af = Afghanistan (AF)
 serrr.property.paysPrecedent.nu = Nioué (NU)
 serrr.property.paysPrecedent.nr = Nauru (NR)
 serrr.property.paysPrecedent.np = Népal (NP)
 serrr.property.paysPrecedent.no = Norvège (NO)
 serrr.property.paysPrecedent.nz = Nouvelle-Zélande (NZ)
 serrr.property.paysPrecedent.om = Oman (OM)
 serrr.property.paysPrecedent.pe = Pérou (PE)
 serrr.property.paysPrecedent.pg = Papouasie-Nouvelle-Guinée (PG)
 serrr.property.paysPrecedent.pa = Panama (PA)
 serrr.property.paysPrecedent.pl = Pologne (PL)
 serrr.property.paysPrecedent.ph = Philippines (PH)
 serrr.property.paysPrecedent.pk = Pakistan (PK)
 serrr.property.paysPrecedent.ls = Lesotho (LS)
 serrr.property.paysPrecedent.lr = Liberia (LR)
 serrr.property.paysPrecedent.lv = Lettonie (LV)
 serrr.property.paysPrecedent.lu = Luxembourg (LU)
 serrr.property.paysPrecedent.lt = Lituanie (LT)
 serrr.property.paysPrecedent.ly = Libye (LY)
 serrr.property.paysPrecedent.mc = Monaco (MC)
 serrr.property.paysPrecedent.md = Moldavie (MD)
 serrr.property.paysPrecedent.ma = Maroc (MA)
 serrr.property.paysPrecedent.mg = Madagascar (MG)
 serrr.property.paysPrecedent.mh = Iles Marshall (MH)
 serrr.property.paysPrecedent.mk = ex-République yougoslave de Macédoine (MK)
 serrr.property.paysPrecedent.ml = Mali (ML)
 serrr.property.paysPrecedent.mn = Mongolie (MN)
 serrr.property.paysPrecedent.mm = Birmanie (MM)
 serrr.property.paysPrecedent.mr = Mauritanie (MR)
 serrr.property.paysPrecedent.mt = Malte (MT)
 serrr.property.paysPrecedent.mv = Maldives (MV)
 serrr.property.paysPrecedent.mu = Maurice (MU)
 serrr.property.paysPrecedent.mx = Mexique (MX)
 serrr.property.paysPrecedent.mw = Malawi (MW)
 serrr.property.paysPrecedent.mz = Mozambique (MZ)
 serrr.property.paysPrecedent.my = Malaisie (MY)
 serrr.property.paysPrecedent.na = Namibie (NA)
 serrr.property.paysPrecedent.ne = Niger (NE)
 serrr.property.paysPrecedent.ng = Nigeria (NG)
 serrr.property.paysPrecedent.ni = Nicaragua (NI)
 serrr.property.paysPrecedent.nl = Pays-Bas (NL)
 serrr.property.paysPrecedent.jp = Japon (JP)
 serrr.property.paysPrecedent.jo = Jordanie (JO)
 serrr.property.paysPrecedent.jm = Jamaïque (JM)
 serrr.property.paysPrecedent.ki = Kiribati (KI)
 serrr.property.paysPrecedent.kh = Cambodge (KH)
 serrr.property.paysPrecedent.kg = Kirghizistan (KG)
 serrr.property.paysPrecedent.ke = Kenya (KE)
 serrr.property.paysPrecedent.kw = Koweït (KW)
 serrr.property.paysPrecedent.kz = Kazakhstan (KZ)
 serrr.property.paysPrecedent.kp = Corée du Nord (KP)
 serrr.property.paysPrecedent.kr = Corée du Sud (KR)
 serrr.property.paysPrecedent.km = Comores (KM)
 serrr.property.paysPrecedent.kn = Saint-Christophe-et-Niévès (KN)
 serrr.property.paysPrecedent.li = Liechtenstein (LI)
 serrr.property.paysPrecedent.lk = Sri Lanka (LK)
 serrr.property.paysPrecedent.la = Laos (LA)
 serrr.property.paysPrecedent.lc = Sainte-Lucie (LC)
 serrr.property.paysPrecedent.lb = Liban (LB)
 serrr.property.paysPrecedent.hr = Croatie (HR)
 serrr.property.paysPrecedent.ht = Haïti (HT)
 serrr.property.paysPrecedent.hu = Hongrie (HU)
 serrr.property.paysPrecedent.hk = Hong Kong (HK)
 serrr.property.paysPrecedent.za = Afrique du Sud (ZA)
 serrr.property.paysPrecedent.hn = Honduras (HN)
 serrr.property.paysPrecedent.zw = Zimbabwe (ZW)
 serrr.property.paysPrecedent.id = Indonésie (ID)
 serrr.property.paysPrecedent.ie = Irlande (IE)
 serrr.property.paysPrecedent.zm = Zambie (ZM)
 serrr.property.paysPrecedent.iq = Iraq (IQ)
 serrr.property.paysPrecedent.ir = Iran (IR)
 serrr.property.paysPrecedent.ye = Yémen (YE)
 serrr.property.paysPrecedent.is = Islande (IS)
 serrr.property.paysPrecedent.it = Italie (IT)
 serrr.property.paysPrecedent.il = Israël (IL)
 serrr.property.paysPrecedent.in = Inde (IN)

serrr.property.subdivisionAdministrativePrecedente.label = Subdivision administrative 

serrr.property.communeOuLocalitePrecedente.label = Commune ou Localité 

serrr.property.situation.label = Cocher la case correspondant à votre situation 
 serrr.property.situation.changementCommune = Inscription en cas de changement de commune d'inscription ou en cas de changement d'arrondissement pour Paris, Lyon et Marseille
 serrr.property.situation.demenagementMemeCommune = Inscription en cas de déménagement à l'intérieur d'une même commune française ou d'un même arrondissement pour Paris, Lyon et Marseille
 serrr.property.situation.premiereInscription = Première inscription sur les listes électorales d'une commune française

serrr.property.precedentLieuInscription.label = Précédent lieu d'inscription 

serrr.property.ancienneCommune.label = Commune 

serrr.property.departementAncienneCommune.label = Département 
 serrr.property.departementAncienneCommune.dEP_10 = Aube
 serrr.property.departementAncienneCommune.dEP_95 = Val-d'Oise
 serrr.property.departementAncienneCommune.dEP_91 = Essonne
 serrr.property.departementAncienneCommune.dEP_92 = Hauts-de-Seine
 serrr.property.departementAncienneCommune.dEP_93 = Seine-Saint-Denis
 serrr.property.departementAncienneCommune.dEP_19 = Corrèze
 serrr.property.departementAncienneCommune.dEP_94 = Val-de-Marne
 serrr.property.departementAncienneCommune.dEP_18 = Cher
 serrr.property.departementAncienneCommune.dEP_17 = Charente-Maritime
 serrr.property.departementAncienneCommune.dEP_16 = Charente
 serrr.property.departementAncienneCommune.dEP_15 = Cantal
 serrr.property.departementAncienneCommune.dEP_90 = Territoire de Belfort
 serrr.property.departementAncienneCommune.dEP_14 = Calvados
 serrr.property.departementAncienneCommune.dEP_13 = Bouches-du-Rhône
 serrr.property.departementAncienneCommune.dEP_12 = Aveyron
 serrr.property.departementAncienneCommune.dEP_11 = Aude
 serrr.property.departementAncienneCommune.dEP_974 = Réunion
 serrr.property.departementAncienneCommune.dEP_973 = Guyane
 serrr.property.departementAncienneCommune.dEP_972 = Martinique
 serrr.property.departementAncienneCommune.dEP_971 = Guadeloupe
 serrr.property.departementAncienneCommune.dEP_89 = Yonne
 serrr.property.departementAncienneCommune.dEP_88 = Vosges
 serrr.property.departementAncienneCommune.dEP_86 = Vienne
 serrr.property.departementAncienneCommune.dEP_87 = Haute-Vienne
 serrr.property.departementAncienneCommune.dEP_84 = Vaucluse
 serrr.property.departementAncienneCommune.dEP_85 = Vendée
 serrr.property.departementAncienneCommune.dEP_09 = Ariège
 serrr.property.departementAncienneCommune.dEP_82 = Tarn-et-Garonne
 serrr.property.departementAncienneCommune.dEP_08 = Ardennes
 serrr.property.departementAncienneCommune.dEP_83 = Var
 serrr.property.departementAncienneCommune.dEP_80 = Somme
 serrr.property.departementAncienneCommune.dEP_81 = Tarn
 serrr.property.departementAncienneCommune.dEP_05 = Hautes-Alpes
 serrr.property.departementAncienneCommune.dEP_04 = Alpes-de-Haute-Provence
 serrr.property.departementAncienneCommune.dEP_07 = Ardèche
 serrr.property.departementAncienneCommune.dEP_06 = Alpes-Maritimes
 serrr.property.departementAncienneCommune.dEP_01 = Ain
 serrr.property.departementAncienneCommune.dEP_03 = Allier
 serrr.property.departementAncienneCommune.dEP_02 = Aisne
 serrr.property.departementAncienneCommune.dEP_78 = Yvelines
 serrr.property.departementAncienneCommune.dEP_77 = Seine-et-Marne
 serrr.property.departementAncienneCommune.dEP_79 = Deux-Sèvres
 serrr.property.departementAncienneCommune.dEP_70 = Haute-Saône
 serrr.property.departementAncienneCommune.dEP_71 = Saône-et-Loire
 serrr.property.departementAncienneCommune.dEP_72 = Sarthe
 serrr.property.departementAncienneCommune.dEP_73 = Savoie
 serrr.property.departementAncienneCommune.dEP_74 = Haute-Savoie
 serrr.property.departementAncienneCommune.dEP_75 = Paris
 serrr.property.departementAncienneCommune.dEP_76 = Seine-Maritime
 serrr.property.departementAncienneCommune.none = Aucun
 serrr.property.departementAncienneCommune.dEP_69 = Rhône
 serrr.property.departementAncienneCommune.dEP_68 = Haut-Rhin
 serrr.property.departementAncienneCommune.dEP_67 = Bas-Rhin
 serrr.property.departementAncienneCommune.dEP_66 = Pyrénées-Orientales
 serrr.property.departementAncienneCommune.dEP_60 = Oise
 serrr.property.departementAncienneCommune.dEP_61 = Orne
 serrr.property.departementAncienneCommune.dEP_64 = Pyrénes-Atlantiques
 serrr.property.departementAncienneCommune.dEP_65 = Hautes-Pyrénées
 serrr.property.departementAncienneCommune.dEP_62 = Pas-de-Calais
 serrr.property.departementAncienneCommune.dEP_63 = Puy-de-Dôme
 serrr.property.departementAncienneCommune.dEP_54 = Meurthe-et-Moselle
 serrr.property.departementAncienneCommune.dEP_53 = Mayenne
 serrr.property.departementAncienneCommune.dEP_52 = Haute-Marne
 serrr.property.departementAncienneCommune.dEP_51 = Marne
 serrr.property.departementAncienneCommune.dEP_50 = Manche
 serrr.property.departementAncienneCommune.dEP_59 = Nord
 serrr.property.departementAncienneCommune.dEP_57 = Moselle
 serrr.property.departementAncienneCommune.dEP_58 = Nièvre
 serrr.property.departementAncienneCommune.dEP_55 = Meuse
 serrr.property.departementAncienneCommune.dEP_56 = Morbihan
 serrr.property.departementAncienneCommune.dEP_41 = Loir-et-Cher
 serrr.property.departementAncienneCommune.dEP_40 = Landes
 serrr.property.departementAncienneCommune.dEP_43 = Haute-Loire
 serrr.property.departementAncienneCommune.dEP_42 = Loire
 serrr.property.departementAncienneCommune.dEP_48 = Lozère
 serrr.property.departementAncienneCommune.dEP_49 = Maine-et-Loire
 serrr.property.departementAncienneCommune.dEP_44 = Loire-Atlantique
 serrr.property.departementAncienneCommune.dEP_45 = Loiret
 serrr.property.departementAncienneCommune.dEP_46 = Lot
 serrr.property.departementAncienneCommune.dEP_47 = Lot-et-Garonne
 serrr.property.departementAncienneCommune.dEP_2B = Haute-Corse
 serrr.property.departementAncienneCommune.dEP_32 = Gers
 serrr.property.departementAncienneCommune.dEP_31 = Haute-Garonne
 serrr.property.departementAncienneCommune.dEP_30 = Gard
 serrr.property.departementAncienneCommune.dEP_35 = Ille-et-Vilaine
 serrr.property.departementAncienneCommune.dEP_36 = Indre
 serrr.property.departementAncienneCommune.dEP_33 = Gironde
 serrr.property.departementAncienneCommune.dEP_34 = Hérault
 serrr.property.departementAncienneCommune.dEP_39 = Jura
 serrr.property.departementAncienneCommune.dEP_37 = Indre-et-Loire
 serrr.property.departementAncienneCommune.dEP_38 = Isère
 serrr.property.departementAncienneCommune.dEP_21 = Côte-d'Or
 serrr.property.departementAncienneCommune.dEP_22 = Côtes-d'Armor
 serrr.property.departementAncienneCommune.dEP_23 = Creuse
 serrr.property.departementAncienneCommune.dEP_24 = Dordogne
 serrr.property.departementAncienneCommune.dEP_25 = Doubs
 serrr.property.departementAncienneCommune.dEP_26 = Drôme
 serrr.property.departementAncienneCommune.dEP_27 = Eure
 serrr.property.departementAncienneCommune.dEP_28 = Eure-et-Loir
 serrr.property.departementAncienneCommune.dEP_29 = Finistère
 serrr.property.departementAncienneCommune.dEP_2A = Corse-du-Sud

serrr.property.ambassadeOuPosteConsulaire.label = Ambassade ou poste consulaire 

serrr.property.paysRadiation.label = Pays 
 serrr.property.paysRadiation.unknown = Inconnu
 serrr.property.paysRadiation.gd = Grenade (GD)
 serrr.property.paysRadiation.ge = Géorgie (GE)
 serrr.property.paysRadiation.gf = Guyane française (GF)
 serrr.property.paysRadiation.ga = Gabon (GA)
 serrr.property.paysRadiation.gb = Royaume-Uni (GB)
 serrr.property.paysRadiation.fj = Iles Fidji (FJ)
 serrr.property.paysRadiation.fm = Micronésie (FM)
 serrr.property.paysRadiation.fi = Finlande (FI)
 serrr.property.paysRadiation.fr = France (FR)
 serrr.property.paysRadiation.gy = Guyana (GY)
 serrr.property.paysRadiation.gw = Guinée-Bissao (GW)
 serrr.property.paysRadiation.ws = Samoa (WS)
 serrr.property.paysRadiation.gn = Guinée (GN)
 serrr.property.paysRadiation.gm = Gambie (GM)
 serrr.property.paysRadiation.gl = Groenland (GL)
 serrr.property.paysRadiation.gi = Gibraltar (GI)
 serrr.property.paysRadiation.gh = Ghana (GH)
 serrr.property.paysRadiation.gu = Guam (GU)
 serrr.property.paysRadiation.gt = Guatemala (GT)
 serrr.property.paysRadiation.gr = Grèce (GR)
 serrr.property.paysRadiation.gq = Guinée équatoriale (GQ)
 serrr.property.paysRadiation.gp = Guadeloupe (GP)
 serrr.property.paysRadiation.dz = Algérie(DZ)
 serrr.property.paysRadiation.vt = Trinité-et-Tobago (VT)
 serrr.property.paysRadiation.vu = Vanuatu (VU)
 serrr.property.paysRadiation.vn = Viêt Nam (VN)
 serrr.property.paysRadiation.ec = Équateur (EC)
 serrr.property.paysRadiation.de = Allemagne (DE)
 serrr.property.paysRadiation.uz = Ouzbékistan (UZ)
 serrr.property.paysRadiation.uy = Uruguay (UY)
 serrr.property.paysRadiation.dk = Danemark (DK)
 serrr.property.paysRadiation.dj = Djibouti (DJ)
 serrr.property.paysRadiation.ve = Venezuela (VE)
 serrr.property.paysRadiation.dm = Dominique (DM)
 serrr.property.paysRadiation.do = République dominicaine (DO)
 serrr.property.paysRadiation.vc = Saint-Vincent-et-les-Grenadines (VC)
 serrr.property.paysRadiation.va = Saint-Siège (VA)
 serrr.property.paysRadiation.ug = Ouganda (UG)
 serrr.property.paysRadiation.us = États-Unis (US)
 serrr.property.paysRadiation.eg = Égypte (EG)
 serrr.property.paysRadiation.ee = Estonie (EE)
 serrr.property.paysRadiation.tz = Tanzanie (TZ)
 serrr.property.paysRadiation.tw = Taïwan (TW)
 serrr.property.paysRadiation.tv = Tuvalu (TV)
 serrr.property.paysRadiation.ua = Ukraine (UA)
 serrr.property.paysRadiation.et = Éthiopie (ET)
 serrr.property.paysRadiation.es = Espagne (ES)
 serrr.property.paysRadiation.er = Érythrée (ER)
 serrr.property.paysRadiation.to = Tonga (TO)
 serrr.property.paysRadiation.tn = Tunisie (TN)
 serrr.property.paysRadiation.tm = Turkménistan (TM)
 serrr.property.paysRadiation.ca = Canada (CA)
 serrr.property.paysRadiation.tl = Timor Oriental (TL)
 serrr.property.paysRadiation.tr = Turquie (TR)
 serrr.property.paysRadiation.bz = Belize (BZ)
 serrr.property.paysRadiation.bw = Botswana (BW)
 serrr.property.paysRadiation.tg = Togo (TG)
 serrr.property.paysRadiation.by = Biélorussie (BY)
 serrr.property.paysRadiation.td = Tchad (TD)
 serrr.property.paysRadiation.bs = Bahamas (BS)
 serrr.property.paysRadiation.br = Brésil (BR)
 serrr.property.paysRadiation.tj = Tadjikistan (TJ)
 serrr.property.paysRadiation.bt = Bhoutan (BT)
 serrr.property.paysRadiation.th = Thaïlande (TH)
 serrr.property.paysRadiation.bn = Brunei (BN)
 serrr.property.paysRadiation.bo = Bolivie (BO)
 serrr.property.paysRadiation.bj = Bénin (BJ)
 serrr.property.paysRadiation.bm = Bermudes (BM)
 serrr.property.paysRadiation.bf = Burkina Faso (BF)
 serrr.property.paysRadiation.bg = Bulgarie (BG)
 serrr.property.paysRadiation.sv = Salvador (SV)
 serrr.property.paysRadiation.bh = Bahreïn (BH)
 serrr.property.paysRadiation.bi = Burundi (BI)
 serrr.property.paysRadiation.st = Sao Tomé-et-Principe (ST)
 serrr.property.paysRadiation.bb = Barbade (BB)
 serrr.property.paysRadiation.sy = Syrie (SY)
 serrr.property.paysRadiation.sz = Swaziland (SZ)
 serrr.property.paysRadiation.bd = Bangladesh (BD)
 serrr.property.paysRadiation.be = Belgique (BE)
 serrr.property.paysRadiation.sl = Sierra Leone (SL)
 serrr.property.paysRadiation.sk = Slovaquie (SK)
 serrr.property.paysRadiation.sn = Sénégal (SN)
 serrr.property.paysRadiation.sm = Saint-Marin (SM)
 serrr.property.paysRadiation.so = Somalie (SO)
 serrr.property.paysRadiation.sr = Suriname (SR)
 serrr.property.paysRadiation.cz = République tchèque (CZ)
 serrr.property.paysRadiation.sd = Soudan (SD)
 serrr.property.paysRadiation.cy = Chypre (CY)
 serrr.property.paysRadiation.sc = Seychelles (SC)
 serrr.property.paysRadiation.se = Suède (SE)
 serrr.property.paysRadiation.cv = Cap-Vert (CV)
 serrr.property.paysRadiation.cu = Cuba (CU)
 serrr.property.paysRadiation.sg = Singapour (SG)
 serrr.property.paysRadiation.si = Slovénie (SI)
 serrr.property.paysRadiation.cr = Costa Rica (CR)
 serrr.property.paysRadiation.co = Colombie (CO)
 serrr.property.paysRadiation.cm = Cameroun (CM)
 serrr.property.paysRadiation.cn = Chine (CN)
 serrr.property.paysRadiation.ck = Iles Cook (CK)
 serrr.property.paysRadiation.sa = Arabie saoudite (SA)
 serrr.property.paysRadiation.sb = Iles Salomon (SB)
 serrr.property.paysRadiation.cl = Chili (CL)
 serrr.property.paysRadiation.ci = Côte d'Ivoire (CI)
 serrr.property.paysRadiation.cg = Congo (CG)
 serrr.property.paysRadiation.ru = Russie (RU)
 serrr.property.paysRadiation.ch = Suisse (CH)
 serrr.property.paysRadiation.cf = République centrafricaine (CF)
 serrr.property.paysRadiation.rw = Rwanda (RW)
 serrr.property.paysRadiation.cd = République démocratique du Congo (CD)
 serrr.property.paysRadiation.ro = Roumanie (RO)
 serrr.property.paysRadiation.az = Azerbaïdjan (AZ)
 serrr.property.paysRadiation.ba = Bosnie-Herzégovine (BA)
 serrr.property.paysRadiation.at = Autriche (AT)
 serrr.property.paysRadiation.ar = Argentine (AR)
 serrr.property.paysRadiation.aq = Antarctique (AQ)
 serrr.property.paysRadiation.aw = Aruba (AW)
 serrr.property.paysRadiation.qa = Qatar (QA)
 serrr.property.paysRadiation.au = Australie (AU)
 serrr.property.paysRadiation.al = Albanie (AL)
 serrr.property.paysRadiation.ai = Anguilla (AI)
 serrr.property.paysRadiation.ao = Angola (AO)
 serrr.property.paysRadiation.py = Paraguay (PY)
 serrr.property.paysRadiation.am = Arménie (AM)
 serrr.property.paysRadiation.an = Antilles néerlandaises (AN)
 serrr.property.paysRadiation.pt = Portugal (PT)
 serrr.property.paysRadiation.ad = Andorre (AD)
 serrr.property.paysRadiation.pw = Belau (PW)
 serrr.property.paysRadiation.ag = Antigua-et-Barbuda (AG)
 serrr.property.paysRadiation.ae = Émirats arabes unis (AE)
 serrr.property.paysRadiation.af = Afghanistan (AF)
 serrr.property.paysRadiation.nu = Nioué (NU)
 serrr.property.paysRadiation.nr = Nauru (NR)
 serrr.property.paysRadiation.np = Népal (NP)
 serrr.property.paysRadiation.no = Norvège (NO)
 serrr.property.paysRadiation.nz = Nouvelle-Zélande (NZ)
 serrr.property.paysRadiation.om = Oman (OM)
 serrr.property.paysRadiation.pe = Pérou (PE)
 serrr.property.paysRadiation.pg = Papouasie-Nouvelle-Guinée (PG)
 serrr.property.paysRadiation.pa = Panama (PA)
 serrr.property.paysRadiation.pl = Pologne (PL)
 serrr.property.paysRadiation.ph = Philippines (PH)
 serrr.property.paysRadiation.pk = Pakistan (PK)
 serrr.property.paysRadiation.ls = Lesotho (LS)
 serrr.property.paysRadiation.lr = Liberia (LR)
 serrr.property.paysRadiation.lv = Lettonie (LV)
 serrr.property.paysRadiation.lu = Luxembourg (LU)
 serrr.property.paysRadiation.lt = Lituanie (LT)
 serrr.property.paysRadiation.ly = Libye (LY)
 serrr.property.paysRadiation.mc = Monaco (MC)
 serrr.property.paysRadiation.md = Moldavie (MD)
 serrr.property.paysRadiation.ma = Maroc (MA)
 serrr.property.paysRadiation.mg = Madagascar (MG)
 serrr.property.paysRadiation.mh = Iles Marshall (MH)
 serrr.property.paysRadiation.mk = ex-République yougoslave de Macédoine (MK)
 serrr.property.paysRadiation.ml = Mali (ML)
 serrr.property.paysRadiation.mn = Mongolie (MN)
 serrr.property.paysRadiation.mm = Birmanie (MM)
 serrr.property.paysRadiation.mr = Mauritanie (MR)
 serrr.property.paysRadiation.mt = Malte (MT)
 serrr.property.paysRadiation.mv = Maldives (MV)
 serrr.property.paysRadiation.mu = Maurice (MU)
 serrr.property.paysRadiation.mx = Mexique (MX)
 serrr.property.paysRadiation.mw = Malawi (MW)
 serrr.property.paysRadiation.mz = Mozambique (MZ)
 serrr.property.paysRadiation.my = Malaisie (MY)
 serrr.property.paysRadiation.na = Namibie (NA)
 serrr.property.paysRadiation.ne = Niger (NE)
 serrr.property.paysRadiation.ng = Nigeria (NG)
 serrr.property.paysRadiation.ni = Nicaragua (NI)
 serrr.property.paysRadiation.nl = Pays-Bas (NL)
 serrr.property.paysRadiation.jp = Japon (JP)
 serrr.property.paysRadiation.jo = Jordanie (JO)
 serrr.property.paysRadiation.jm = Jamaïque (JM)
 serrr.property.paysRadiation.ki = Kiribati (KI)
 serrr.property.paysRadiation.kh = Cambodge (KH)
 serrr.property.paysRadiation.kg = Kirghizistan (KG)
 serrr.property.paysRadiation.ke = Kenya (KE)
 serrr.property.paysRadiation.kw = Koweït (KW)
 serrr.property.paysRadiation.kz = Kazakhstan (KZ)
 serrr.property.paysRadiation.kp = Corée du Nord (KP)
 serrr.property.paysRadiation.kr = Corée du Sud (KR)
 serrr.property.paysRadiation.km = Comores (KM)
 serrr.property.paysRadiation.kn = Saint-Christophe-et-Niévès (KN)
 serrr.property.paysRadiation.li = Liechtenstein (LI)
 serrr.property.paysRadiation.lk = Sri Lanka (LK)
 serrr.property.paysRadiation.la = Laos (LA)
 serrr.property.paysRadiation.lc = Sainte-Lucie (LC)
 serrr.property.paysRadiation.lb = Liban (LB)
 serrr.property.paysRadiation.hr = Croatie (HR)
 serrr.property.paysRadiation.ht = Haïti (HT)
 serrr.property.paysRadiation.hu = Hongrie (HU)
 serrr.property.paysRadiation.hk = Hong Kong (HK)
 serrr.property.paysRadiation.za = Afrique du Sud (ZA)
 serrr.property.paysRadiation.hn = Honduras (HN)
 serrr.property.paysRadiation.zw = Zimbabwe (ZW)
 serrr.property.paysRadiation.id = Indonésie (ID)
 serrr.property.paysRadiation.ie = Irlande (IE)
 serrr.property.paysRadiation.zm = Zambie (ZM)
 serrr.property.paysRadiation.iq = Iraq (IQ)
 serrr.property.paysRadiation.ir = Iran (IR)
 serrr.property.paysRadiation.ye = Yémen (YE)
 serrr.property.paysRadiation.is = Islande (IS)
 serrr.property.paysRadiation.it = Italie (IT)
 serrr.property.paysRadiation.il = Israël (IL)
 serrr.property.paysRadiation.in = Inde (IN)

serrr.property.typeInscription.label = Inscription 
 serrr.property.typeInscription.decisionJudiciaire = Inscription par décision judiciaire
 serrr.property.typeInscription.volontaire = Inscription volontaire
 serrr.property.typeInscription.office = Inscription d'office

